"Pressure_PaA","Temperature_K","Density_kgm3","IsentropicIndex","Viscosity_cP","ZFactor","EnglishUS","French","German","Spanish","Russian"
100000,372.75,0.5902,1.3178,0.01226,0.9848,"","","","",""
105000,374.15,0.6178,1.3175,0.0123,0.984295,"","","","",""
110000,375.45,0.6452,1.3175,0.01235,0.983798,"","","","",""
115000,376.75,0.6726,1.3171,0.01239,0.983308,"","","","",""
120000,377.95,0.6999,1.3168,0.01243,0.982826,"","","","",""
125000,379.15,0.7272,1.3166,0.01247,0.98235,"","","","",""
130000,380.25,0.7544,1.3164,0.01251,0.981881,"","","","",""
135000,381.35,0.7815,1.3162,0.01255,0.981417,"","","","",""
140000,382.45,0.8085,1.316,0.01259,0.98096,"","","","",""
145000,383.55,0.8355,1.3158,0.01262,0.980508,"","","","",""
150000,384.55,0.8624,1.3156,0.01266,0.980061,"","","","",""
155000,385.55,0.8893,1.3154,0.01269,0.979619,"","","","",""
160000,386.45,0.9161,1.3152,0.01273,0.979182,"","","","",""
165000,387.45,0.9429,1.315,0.01276,0.918749,"","","","",""
170000,388.35,0.9696,1.3148,0.01279,0.978321,"","","","",""
175000,389.25,0.9962,1.3146,0.01282,0.977897,"","","","",""
180000,390.05,1.0228,1.3145,0.01285,0.977477,"","","","",""
185000,390.95,1.0494,1.3143,0.01288,0.977061,"","","","",""
190000,391.75,1.0759,1.3141,0.01291,0.976649,"","","","",""
195000,392.55,1.1024,1.314,0.01294,0.97624,"","","","",""
200000,393.35,1.1289,1.3138,0.01296,0.975835,"","","","",""
205000,394.15,1.1553,1.3136,0.01299,0.975433,"","","","",""
210000,394.95,1.1816,1.3135,0.01302,0.975035,"","","","",""
215000,395.65,1.2079,1.3133,0.01304,0.97464,"","","","",""
220000,396.45,1.2342,1.3132,0.01307,0.974248,"","","","",""
225000,397.15,1.2605,1.33,0.01309,0.973859,"","","","",""
230000,397.85,1.2867,1.3129,0.01312,0.973473,"","","","",""
235000,398.55,1.3129,1.3127,0.01314,0.973089,"","","","",""
240000,399.25,1.339,1.3126,0.01317,0.972709,"","","","",""
245000,399.95,1.3651,1.3124,0.01319,0.972331,"","","","",""
250000,400.55,1.3912,1.3123,0.01321,0.971956,"","","","",""
255000,401.25,1.4173,1.3121,0.01323,0.971583,"","","","",""
260000,401.85,1.4433,1.312,0.01326,0.971213,"","","","",""
265000,402.55,1.4693,1.3119,0.01328,0.970845,"","","","",""
270000,403.15,1.4953,1.3117,0.0133,0.97048,"","","","",""
275000,403.75,1.5215,1.3116,0.01332,0.970116,"","","","",""
280000,404.35,1.5471,1.3115,0.01334,0.969755,"","","","",""
285000,404.95,1.573,1.3113,0.01336,0.969397,"","","","",""
290000,405.55,1.5989,1.3112,0.01338,0.96904,"","","","",""
295000,406.15,1.6247,1.3111,0.0134,0.968685,"","","","",""
300000,406.75,1.6505,1.3109,0.01342,0.968333,"","","","",""
305000,407.25,1.6763,1.3108,0.01344,0.967982,"","","","",""
310000,407.85,1.7021,1.3107,0.01346,0.967634,"","","","",""
315000,408.35,1.7278,1.3106,0.01348,0.967287,"","","","",""
320000,408.95,1.7536,1.3104,0.0135,0.966942,"","","","",""
325000,409.45,1.7793,1.3103,0.01352,0.966599,"","","","",""
330000,409.95,1.8049,1.3102,0.01354,0.966258,"","","","",""
335000,410.55,1.8306,1.3101,0.01355,0.965919,"","","","",""
340000,411.05,1.8562,1.31,0.01357,0.965581,"","","","",""
345000,411.55,1.8818,1.3098,0.01359,0.965245,"","","","",""
350000,412.05,1.9074,1.3097,0.01362,0.964911,"","","","",""
355000,412.55,1.933,1.3096,0.01364,0.964578,"","","","",""
360000,413.05,1.9586,1.3095,0.01366,0.964247,"","","","",""
365000,413.55,1.9841,1.3094,0.01368,0.963917,"","","","",""
370000,414.05,2.0096,1.3093,0.01369,0.963589,"","","","",""
375000,414.45,2.0351,1.3092,0.01371,0.963263,"","","","",""
380000,414.95,2.0606,1.3091,0.01372,0.962938,"","","","",""
385000,415.45,2.0861,1.309,0.01374,0.962614,"","","","",""
390000,415.85,2.1115,1.3088,0.01376,0.962292,"","","","",""
395000,416.35,2.137,1.3087,0.01377,0.961971,"","","","",""
400000,416.75,2.1624,1.3086,0.01379,0.961652,"","","","",""
405000,417.25,2.1878,1.3085,0.0138,0.961334,"","","","",""
410000,417.65,2.2132,1.3084,0.01382,0.961017,"","","","",""
415000,418.15,2.2385,1.3083,0.01383,0.960702,"","","","",""
420000,418.55,2.2639,1.3082,0.01383,0.960388,"","","","",""
425000,418.95,2.2892,1.3081,0.01385,0.960075,"","","","",""
430000,419.45,2.3145,1.308,0.01386,0.959764,"","","","",""
435000,419.85,2.3399,1.3079,0.01388,0.959454,"","","","",""
440000,420.25,2.3651,1.3078,0.01389,0.959145,"","","","",""
445000,420.65,2.3904,1.3077,0.01391,0.958837,"","","","",""
450000,421.05,2.4157,1.3076,0.01392,0.95853,"","","","",""
455000,421.45,2.4409,1.3075,0.01393,0.958225,"","","","",""
460000,421.95,2.4662,1.3074,0.01395,0.95792,"","","","",""
465000,422.35,2.4914,1.3073,0.01396,0.957617,"","","","",""
470000,422.75,2.5166,1.3072,0.01398,0.957315,"","","","",""
475000,423.05,2.5418,1.3071,0.01399,0.957014,"","","","",""
480000,423.45,2.567,1.3071,0.014,0.956714,"","","","",""
485000,423.85,2.5922,1.307,1502,0.956415,"","","","",""
490000,424.25,2.6174,1.3069,0.01403,0.956118,"","","","",""
495000,424.65,2.6425,1.3068,0.01404,0.955821,"","","","",""
500000,425.05,2.6677,1.3067,0.01406,0.955525,"","","","",""
505000,425.35,2.6928,1.3066,0.01406,0.95523,"","","","",""
510000,425.75,2.7179,1.3065,0.01408,0.954937,"","","","",""
515000,426.15,2.743,1.3064,0.01409,0.954644,"","","","",""
520000,426.55,2.7681,1.3063,0.01411,0.954352,"","","","",""
525000,426.85,2.7932,1.3062,0.01412,0.954061,"","","","",""
530000,427.25,2.8183,1.3062,0.01413,0.953772,"","","","",""
535000,427.55,2.8433,1.3061,0.01414,0.953483,"","","","",""
540000,427.95,2.8684,1.306,0.01416,0.953195,"","","","",""
545000,428.25,2.8934,1.3059,0.01417,0.952908,"","","","",""
550000,428.65,2.9185,1.3058,0.01418,0.952622,"","","","",""
555000,428.95,2.9435,1.3057,0.01419,0.952336,"","","","",""
560000,429.35,2.9685,1.3056,0.0142,0.952052,"","","","",""
565000,429.65,2.9935,1.3056,0.01422,0.951768,"","","","",""
570000,430.05,3.0185,1.3055,0.01423,0.951486,"","","","",""
575000,430.35,3.0435,1.3054,0.01424,0.951204,"","","","",""
580000,430.65,3.0685,1.3053,0.01425,0.950923,"","","","",""
585000,431.05,3.0935,1.3052,0.01426,0.950643,"","","","",""
590000,431.35,3.1184,1.3051,0.01427,0.950364,"","","","",""
595000,431.65,3.1434,1.3051,0.01429,0.950085,"","","","",""
600000,432.05,3.1683,1.305,0.0143,0.949807,"","","","",""
605000,432.35,3.1932,1.3049,0.01431,0.949531,"","","","",""
610000,432.65,3.2182,1.3048,0.01432,0.949254,"","","","",""
615000,432.95,3.2431,1.3047,0.01433,0.948979,"","","","",""
620000,433.25,3.268,1.3047,0.01434,0.948705,"","","","",""
625000,433.65,3.2929,1.3046,0.01435,0.948431,"","","","",""
630000,433.95,3.3178,1.3045,0.01436,0.948158,"","","","",""
635000,434.25,3.3427,1.3044,0.01437,0.947885,"","","","",""
640000,434.55,3.3676,1.3043,0.01438,0.947614,"","","","",""
645000,434.85,3.3924,1.3043,0.01439,0.947343,"","","","",""
650000,435.15,3.4173,1.3042,0.01441,0.947073,"","","","",""
655000,435.45,3.4422,1.3041,0.01442,0.946804,"","","","",""
660000,435.75,3.467,1.304,0.01443,0.946535,"","","","",""
665000,436.05,3.4918,1.304,0.01444,0.946267,"","","","",""
670000,436.35,3.5167,1.3039,0.01445,0.946,"","","","",""
675000,436.65,3.5415,1.3038,0.01446,0.945733,"","","","",""
680000,436.95,3.5663,1.3037,0.01447,0.945467,"","","","",""
685000,437.25,3.5911,1.3037,0.01448,0.945202,"","","","",""
690000,437.55,3.616,1.3036,0.01449,0.944937,"","","","",""
695000,437.85,3.6408,1.3035,0.0145,0.944673,"","","","",""
700000,438.15,3.6656,1.3035,0.01451,0.9441,"","","","",""
705000,438.45,3.6903,1.3034,0.01452,0.944147,"","","","",""
710000,438.75,3.7151,1.3033,0.01453,0.943885,"","","","",""
715000,438.95,3.7399,1.3032,0.01454,0.943624,"","","","",""
720000,439.25,3.7647,1.3032,0.01455,0.943363,"","","","",""
725000,439.55,3.7894,1.3031,0.01456,0.943103,"","","","",""
730000,439.85,3.8142,1.303,0.01457,0.942844,"","","","",""
735000,440.15,3.839,1.303,0.01458,0.942585,"","","","",""
740000,440.35,3.8637,1.3029,0.01459,0.942327,"","","","",""
745000,440.65,3.8884,1.3028,0.01459,0.942069,"","","","",""
750000,440.95,3.9132,1.3027,0.0146,0.941812,"","","","",""
755000,441.25,3.9379,1.3027,0.01461,0.941555,"","","","",""
760000,441.45,3.9626,1.3026,0.01462,0.941299,"","","","",""
765000,441.75,3.9874,1.3025,0.01463,0.941044,"","","","",""
770000,442.05,4.0121,1.3025,0.01464,0.940789,"","","","",""
775000,442.25,4.0368,1.3024,0.01465,0.940535,"","","","",""
780000,442.55,4.0615,1.3023,0.01466,0.940282,"","","","",""
785000,442.85,4.0862,1.3023,0.01467,0.940028,"","","","",""
790000,443.05,4.1109,1.3022,0.01468,0.939776,"","","","",""
795000,443.35,4.1356,1.3021,0.01469,0.939524,"","","","",""
800000,443.55,4.1603,1.3021,0.0147,0.939273,"","","","",""
805000,443.85,4.1849,1.302,0.0147,0.939022,"","","","",""
810000,444.15,4.2096,1.3019,0.01471,0.938771,"","","","",""
815000,444.35,4.2343,1.3019,0.01472,0.938522,"","","","",""
820000,444.65,4.259,1.3018,0.01473,0.938272,"","","","",""
825000,444.85,4.2836,1.3017,0.01474,0.938024,"","","","",""
830000,445.15,4.3083,1.3017,0.01475,0.937775,"","","","",""
835000,445.35,4.3329,1.3016,0.01476,0.937528,"","","","",""
840000,445.65,4.3576,1.3016,0.01477,0.937281,"","","","",""
845000,445.85,4.3822,1.3015,0.01477,0.937034,"","","","",""
850000,446.15,4.4069,1.3014,0.01478,0.936788,"","","","",""
855000,446.35,4.4315,1.3014,0.01479,0.936542,"","","","",""
860000,446.65,4.4561,1.3013,0.0148,0.936297,"","","","",""
865000,446.85,4.4808,1.3012,0.01481,0.936052,"","","","",""
870000,447.15,4.5054,1.3012,0.01482,0.935808,"","","","",""
875000,447.35,4.553,1.3011,0.01482,0.935564,"","","","",""
880000,447.55,4.5546,1.3011,0.01483,0.935321,"","","","",""
885000,447.85,4.5793,1.301,0.01484,0.935078,"","","","",""
890000,448.05,4.6039,1.3009,0.01485,0.934836,"","","","",""
895000,448.35,4.6285,1.3009,0.01486,0.934594,"","","","",""
900000,448.55,4.6531,1.3008,0.01487,0.934353,"","","","",""
905000,448.75,4.6777,1.3008,0.01487,0.934112,"","","","",""
910000,449.05,4.7023,1.3007,0.01488,0.933871,"","","","",""
915000,449.25,4.7269,1.3006,0.01489,0.933631,"","","","",""
920000,449.45,4.7515,1.3006,0.0149,0.933392,"","","","",""
925000,449.75,4.776,1.3005,0.01491,933153,"","","","",""
930000,449.95,4.8006,1.3005,0.01491,0.92914,"","","","",""
935000,450.15,4.8252,1.3004,0.01492,0.932676,"","","","",""
940000,450.35,4.8498,1.3003,0.01493,0.932438,"","","","",""
945000,450.65,4.8744,1.3003,0.01494,932201,"","","","",""
950000,450.85,4.8989,1.3002,0.01495,0.931964,"","","","",""
955000,451.05,4.9235,1.3002,0.01495,0.931727,"","","","",""
960000,451.35,4.9481,1.3001,0.01496,0.931491,"","","","",""
965000,451.55,4.9726,1.3,0.01497,0.931256,"","","","",""
970000,451.75,4.9972,1.3,0.01498,0.93102,"","","","",""
975000,451.95,5.0217,1.2999,0.01498,0.930786,"","","","",""
980000,452.15,5.0463,1.2999,0.01499,0.930551,"","","","",""
985000,452.45,5.0708,1.2998,0.015,0.930317,"","","","",""
990000,452.65,5.0954,1.2998,0.01501,0.930084,"","","","",""
995000,452.85,5.1199,1.2997,0.01501,0.929851,"","","","",""
1000000,453.05,5.1445,1.2997,0.01502,0.929618,"","","","",""
1010000,453.45,5.1936,1.2995,0.01504,0.929154,"","","","",""
1020000,453.95,5.2426,1.2994,0.01505,0.928691,"","","","",""
1030000,454.35,5.2917,1.2993,0.01507,0.92823,"","","","",""
1040000,454.75,5.3407,1.2992,0.01508,0.92777,"","","","",""
1050000,455.15,5.3898,1.2991,0.0151,0.927312,"","","","",""
1060000,455.65,5.4388,1.299,0.01511,0.926856,"","","","",""
1070000,456.05,5.4878,1.2989,0.01512,0.9264,"","","","",""
1080000,456.45,5.5369,1.2988,0.01514,0.925947,"","","","",""
1090000,456.85,5.5859,1.2987,0.01515,0.925495,"","","","",""
1100000,457.25,5.6349,1.2986,0.01517,0.925044,"","","","",""
1110000,457.65,5.6839,1.2985,0.01518,0.924594,"","","","",""
1120000,458.05,5.7329,1.2984,0.01519,0.924147,"","","","",""
1130000,458.45,5.7818,1.2983,0.01521,0.9237,"","","","",""
1140000,458.85,5.8308,1.2982,0.01522,0.923255,"","","","",""
1150000,459.25,5.8798,1.2981,0.01523,0.922811,"","","","",""
1160000,459.65,5.9288,1.298,0.01525,0.922368,"","","","",""
1170000,460.05,5.9777,1.2979,0.01526,0.921927,"","","","",""
1180000,460.35,6.0267,1.2978,0.01527,0.921487,"","","","",""
1190000,460.75,6.0756,1.2977,0.01529,0.921048,"","","","",""
1200000,461.15,6.1246,1.2976,0.0153,0.920611,"","","","",""
1210000,461.55,6.1735,1.2975,0.01531,0.920175,"","","","",""
1220000,461.85,6.2224,1.2974,0.01533,0.91974,"","","","",""
1230000,462.25,6.2714,1.2973,0.01534,0.919306,"","","","",""
1240000,462.65,6.3203,1.2972,0.01535,0.918874,"","","","",""
1250000,462.95,6.3692,1.2971,0.01536,0.918442,"","","","",""
1260000,463.35,6.4181,1.297,0.01538,0.918012,"","","","",""
1270000,463.75,6.4671,1.2969,0.01539,0.917583,"","","","",""
1280000,464.05,6.516,1.2968,0.0154,0.917156,"","","","",""
1290000,464.45,6.5649,1.2967,0.01541,0.916729,"","","","",""
1300000,464.75,6.6138,1.2966,0.01543,0.916303,"","","","",""
1310000,465.15,6.6627,1.2966,0.01544,0.915879,"","","","",""
1320000,465.45,6.7116,1.2965,0.01545,0.915456,"","","","",""
1330000,465.85,6.7605,1.2964,0.01546,0.915034,"","","","",""
1340000,466.15,6.8094,1.2963,0.01547,0.914613,"","","","",""
1350000,466.55,6.8583,1.2962,0.01549,0.914193,"","","","",""
1360000,466.85,6.9072,1.2961,0.0155,0.913774,"","","","",""
1370000,467.25,6.9561,1.296,0.01551,0.913356,"","","","",""
1380000,467.55,7.005,1.2959,0.01552,0.912939,"","","","",""
1390000,467.85,7.0539,1.2959,0.01553,0.912523,"","","","",""
1400000,468.25,7.1028,1.2958,0.01554,0.912108,"","","","",""
1410000,468.55,7.1517,1.2957,0.01556,0.911695,"","","","",""
1420000,468.85,7.2006,1.2956,0.01557,0.911282,"","","","",""
1430000,469.25,7.2495,1.2955,0.01558,0.91087,"","","","",""
1440000,469.55,7.2984,1.2954,0.01559,0.910459,"","","","",""
1450000,469.85,7.3473,1.2954,0.0156,0.910049,"","","","",""
1460000,470.15,7.3962,1.2953,0.01561,0.909641,"","","","",""
1470000,470.55,7.4451,1.2952,0.01562,0.909233,"","","","",""
1480000,470.85,7.494,1.2951,0.01563,0.908826,"","","","",""
1490000,471.15,7.5429,1.295,0.01565,0.90842,"","","","",""
1500000,471.45,7.5918,1.295,0.01566,0.908015,"","","","",""
1510000,471.75,7.6407,1.2949,0.01567,0.90761,"","","","",""
1520000,472.15,7.6896,1.2948,0.01568,0.907207,"","","","",""
1530000,472.45,7.7385,1.2947,0.01569,0.906805,"","","","",""
1540000,472.75,7.7874,1.2946,0.0157,0.906403,"","","","",""
1550000,473.05,7.8364,1.2946,0.01571,0.906003,"","","","",""
1560000,473.35,7.8853,1.2945,0.01572,0.905603,"","","","",""
1570000,473.65,7.9342,1.2944,0.01573,0.905204,"","","","",""
1580000,473.95,7.9831,1.2943,0.01574,0.904807,"","","","",""
1590000,474.25,8.032,1.2943,0.01575,0.904409,"","","","",""
1600000,474.55,8.0809,1.2942,0.01576,0.904013,"","","","",""
1610000,474.85,8.1299,1.2941,0.01577,0.903618,"","","","",""
1620000,475.15,8.1788,1.294,0.01578,0.903223,"","","","",""
1630000,475.45,8.2277,1.294,0.01579,0.90283,"","","","",""
1640000,475.75,8.2767,1.2939,0.0158,0.902437,"","","","",""
1650000,476.05,8.3256,1.2938,0.01581,0.902045,"","","","",""
1660000,476.35,8.3745,1.2937,0.01582,0.901653,"","","","",""
1670000,476.65,8.4235,1.2937,0.01583,0.901263,"","","","",""
1680000,476.95,8.4724,1.2936,0.01584,0.900873,"","","","",""
1690000,477.25,8.5214,1.2935,0.01585,0.900484,"","","","",""
1700000,477.45,8.5703,1.2935,0.01586,0.900096,"","","","",""
1710000,477.75,8.6193,1.2934,0.01587,0.899706,"","","","",""
1720000,478.05,8.6683,1.2933,0.01588,0.899322,"","","","",""
1730000,478.35,8.7172,1.2933,0.01589,0.898936,"","","","",""
1740000,478.65,8.7662,1.2932,0.0159,0.898551,"","","","",""
1750000,478.95,8.8152,1.2931,0.01591,0.898167,"","","","",""
1760000,479.15,8.8642,1.2931,0.01592,0.897784,"","","","",""
1770000,479.45,8.9131,1.293,0.01593,0.897401,"","","","",""
1780000,479.75,8.9621,1.2929,0.01594,0.897019,"","","","",""
1790000,480.05,9.0111,1.2929,0.01595,0.896637,"","","","",""
1800000,480.35,9.0601,1.2928,0.01596,0.896257,"","","","",""
1810000,480.55,9.1091,1.2927,0.01597,0.895877,"","","","",""
1820000,480.85,9.1581,1.2927,0.01598,0.895497,"","","","",""
1830000,481.15,9.2072,1.2926,0.01599,0.895119,"","","","",""
1840000,481.35,9.2562,1.2925,0.016,0.894741,"","","","",""
1850000,481.65,9.3052,1.2925,0.01601,0.894364,"","","","",""
1860000,481.95,9.3542,1.2924,0.01602,0.893988,"","","","",""
1870000,482.15,9.4033,1.2923,0.01603,0.893612,"","","","",""
1880000,482.45,9.4523,1.2923,0.01604,0.893237,"","","","",""
1890000,482.75,9.5014,1.2922,0.01605,0.892862,"","","","",""
1900000,482.95,9.5504,1.2922,0.01605,0.892489,"","","","",""
1910000,483.25,9.5995,1.2921,0.01606,0.892115,"","","","",""
1920000,483.55,9.6486,1.292,0.01607,0.891743,"","","","",""
1930000,483.75,9.6976,1.292,0.01608,0.891371,"","","","",""
1940000,484.05,9.7467,1.2919,0.01609,0.891,"","","","",""
1950000,484.25,9.7958,1.2918,0.0161,0.89063,"","","","",""
1960000,484.55,9.8449,1.2918,0.01611,0.89026,"","","","",""
1970000,484.85,9.894,1.2917,0.01612,0.889891,"","","","",""
1980000,485.05,9.9431,1.2917,0.01613,0.889522,"","","","",""
1990000,485.35,9.9922,1.2916,0.01614,0.889154,"","","","",""
2000000,485.55,10.0413,1.2916,0.01614,0.888787,"","","","",""
2010000,485.85,10.0905,1.2915,0.01615,0.88842,"","","","",""
2020000,486.05,10.1396,1.2914,0.01616,0.888054,"","","","",""
2030000,486.35,10.1887,1.2914,0.01617,0.887689,"","","","",""
2040000,486.55,10.2379,1.2913,0.01618,0.887324,"","","","",""
2050000,486.85,10.287,1.2913,0.01619,0.886959,"","","","",""
2060000,487.05,10.3362,1.2912,0.0162,0.886596,"","","","",""
2070000,487.35,10.3854,1.2912,0.01621,0.886233,"","","","",""
2080000,487.55,10.4346,1.2911,0.01621,0.88587,"","","","",""
2090000,487.85,10.4837,1.2911,0.01622,0.885508,"","","","",""
2100000,488.05,10.5329,1.291,0.01623,0.885147,"","","","",""
2110000,488.25,10.5821,1.2909,0.01624,0.884786,"","","","",""
2120000,488.55,10.6314,1.2909,0.01625,0.884426,"","","","",""
2130000,488.75,10.6806,1.2908,0.01626,0.884066,"","","","",""
2140000,489.05,10.7298,1.2908,0.01626,0.883707,"","","","",""
2150000,489.25,10.779,1.2907,0.01627,0.883349,"","","","",""
2160000,489.45,10.8283,1.2907,0.01628,0.882991,"","","","",""
2170000,489.75,10.8775,1.2906,0.01629,0.882633,"","","","",""
2180000,489.95,10.9268,1.2906,0.0163,0.882276,"","","","",""
2190000,490.25,10.9761,1.2905,0.01631,0.88192,"","","","",""
2200000,490.45,11.0253,1.2905,0.01631,0.881564,"","","","",""
2210000,490.65,11.0746,1.2904,0.01632,0.881209,"","","","",""
2220000,490.95,11.1239,1.2904,0.01633,0.880854,"","","","",""
2230000,491.15,11.1732,1.2903,0.01634,0.8805,"","","","",""
2240000,491.35,11.2225,1.2903,0.01635,0.880146,"","","","",""
2250000,491.65,11.2719,1.2902,0.01636,0.879793,"","","","",""
2260000,491.85,11.3212,1.2902,0.01636,0.879441,"","","","",""
2270000,492.05,11.3705,1.2901,0.01637,0.879089,"","","","",""
2280000,492.25,11.4199,1.2901,0.01638,0.878737,"","","","",""
2290000,492.55,11.4692,1.29,0.01639,0.878386,"","","","",""
2300000,492.75,11.5186,1.29,0.0164,0.878035,"","","","",""
2310000,492.95,11.568,1.2899,0.0164,0.877685,"","","","",""
2320000,493.15,11.6174,1.2899,0.01641,0.877336,"","","","",""
2330000,493.45,11.6668,1.2898,0.01642,0.876987,"","","","",""
2340000,493.65,11.7162,1.2898,0.01643,0.876638,"","","","",""
2350000,493.85,11.7656,1.2898,0.01644,0.87629,"","","","",""
2360000,494.05,11.815,1.2897,0.01644,0.875943,"","","","",""
2370000,494.35,11.8644,1.2897,0.01645,0.875596,"","","","",""
2380000,494.55,11.9139,1.2896,0.01646,0.875249,"","","","",""
2390000,494.75,11.9633,1.2896,0.01647,0.874903,"","","","",""
2400000,494.95,12.0128,1.2895,0.01647,0.874557,"","","","",""
2410000,495.15,12.0623,1.2895,0.01648,0.874212,"","","","",""
2420000,495.45,12.1118,1.2894,0.01649,0.873867,"","","","",""
2430000,495.65,12.1613,1.2894,0.0165,0.873523,"","","","",""
2440000,495.85,12.2108,1.2894,0.0165,0.873179,"","","","",""
2450000,496.05,12.2603,1.2893,0.01651,0.872836,"","","","",""
2460000,496.25,12.3098,1.2893,0.01652,0.872493,"","","","",""
2470000,496.45,12.3593,1.2892,0.01653,0.872151,"","","","",""
2480000,496.75,12.4089,1.2892,0.01654,0.871809,"","","","",""
2490000,496.95,12.4584,1.2892,0.01654,0.871467,"","","","",""
2500000,497.15,12.508,1.2891,0.01655,0.871126,"","","","",""
2510000,497.35,12.5576,1.2891,0.01656,0.870786,"","","","",""
2520000,497.55,12.6075,1.289,0.01657,0.870446,"","","","",""
2530000,497.75,12.6568,1.289,0.01657,0.870106,"","","","",""
2540000,497.95,12.7064,1.289,0.01658,0.869767,"","","","",""
2550000,498.15,12.756,1.2889,0.01659,0.869428,"","","","",""
2560000,498.45,12.8056,1.2889,0.01659,0.86909,"","","","",""
2570000,498.65,12.8553,1.2888,0.0166,0.868752,"","","","",""
2580000,498.85,12.9049,1.2888,0.01661,0.868414,"","","","",""
2590000,499.05,12.9546,1.2888,0.01662,0.868077,"","","","",""
2600000,499.25,13.0043,1.2887,0.01662,0.86774,"","","","",""
2610000,499.45,13.054,1.2887,0.01663,0.867404,"","","","",""
2620000,499.65,13.1037,1.2886,0.01664,0.867068,"","","","",""
2630000,499.85,13.1534,1.2886,0.01665,0.866733,"","","","",""
2640000,500.05,13.2031,1.2886,0.01665,0.866398,"","","","",""
2650000,500.25,13.2528,1.2885,0.01666,0.866063,"","","","",""
2660000,500.45,13.3026,1.2885,0.01667,0.865729,"","","","",""
2670000,500.65,13.3523,1.2885,0.01668,0.865395,"","","","",""
2680000,500.85,13.4021,1.2884,0.01668,0.865062,"","","","",""
2690000,501.05,13.4519,1.2884,0.01669,0.864729,"","","","",""
2700000,501.25,13.5017,1.2884,0.0167,0.864397,"","","","",""
2710000,501.45,13.5515,1.2883,0.0167,0.864064,"","","","",""
2720000,501.65,13.6013,1.2883,0.01671,0.863733,"","","","",""
2730000,501.85,13.6511,1.2883,0.01672,0.863401,"","","","",""
2740000,502.05,13.701,1.2882,0.01672,0.86307,"","","","",""
2750000,502.25,13.7508,1.2882,0.01673,0.86274,"","","","",""
2760000,502.45,13.8007,1.2882,0.01674,0.86241,"","","","",""
2770000,502.65,13.8506,12.881,0.01675,0.86208,"","","","",""
2780000,502.85,13.9004,1.2881,0.01675,0.86175,"","","","",""
2790000,503.05,13.9503,1.2881,0.01676,0.861421,"","","","",""
2800000,503.25,14.0002,1.288,0.01677,0.861093,"","","","",""
2810000,503.45,14.0502,1.288,0.01677,0.860764,"","","","",""
2820000,503.65,14.1001,1.288,0.01678,0.860436,"","","","",""
2830000,503.85,14.1501,1.2879,0.01679,0.860109,"","","","",""
2840000,504.05,14.2,1.2879,0.01679,0.859782,"","","","",""
2850000,504.25,14.25,1.2879,0.0168,0.859455,"","","","",""
2860000,504.45,14.3,1.2879,0.01681,0.859129,"","","","",""
2870000,504.55,14.35,1.2878,0.01682,0.858803,"","","","",""
2880000,504.75,14.4,1.2878,0.01682,0.858477,"","","","",""
2890000,504.95,14.45,1.2878,1.01683,0.858152,"","","","",""
2900000,505.15,14.5001,1.2877,0.01684,0.857827,"","","","",""
2910000,505.35,14.5501,1.2877,0.01684,0.857502,"","","","",""
2920000,505.55,14.6002,1.2877,0.01685,0.857178,"","","","",""
2930000,505.75,14.6502,1.2877,0.01686,0.856854,"","","","",""
2940000,505.95,14.7003,1.2876,0.01686,0.85653,"","","","",""
2950000,506.15,14.7504,1.2876,0.01687,0.856207,"","","","",""
2960000,506.25,14.8005,1.2876,0.01688,0.85584,"","","","",""
2970000,506.45,14.8507,1.2876,0.01688,0.855562,"","","","",""
2980000,506.65,14.9008,1.2875,0.01689,0.85524,"","","","",""
2990000,506.85,14.951,1.2875,0.0169,0.854918,"","","","",""
3000000,507.05,15.0011,1.2875,0.0169,0.854596,"","","","",""
3010000,507.25,15.0513,1.2875,0.01691,0.854275,"","","","",""
3020000,507.45,15.1015,1.2874,0.01962,0.853955,"","","","",""
3030000,507.55,15.1517,1.2874,0.01692,0.853634,"","","","",""
3040000,507.75,15.2019,1.2874,0.01693,0.853314,"","","","",""
3050000,507.95,15.2522,1.2874,0.01694,0.852994,"","","","",""
3060000,508.15,15.3024,1.2873,0.01694,0.852675,"","","","",""
3070000,508.35,15.3527,1.2873,0.01695,0.852365,"","","","",""
3080000,508.55,15.403,1.2873,0.01695,0.852037,"","","","",""
3090000,508.65,15.4532,1.2873,0.01696,0.821718,"","","","",""
3100000,508.85,15.5035,1.2872,0.01697,0.8514,"","","","",""
3110000,509.05,15.5539,1.2872,0.01697,0.851083,"","","","",""
3120000,509.25,15.6042,1.2872,0.01698,0.850765,"","","","",""
3130000,509.45,15.6545,1.2872,0.01699,0.850448,"","","","",""
3140000,509.55,15.7049,1.2872,0.01699,0.850131,"","","","",""
3150000,509.75,15.753,1.2871,0.017,0.849815,"","","","",""
3160000,509.95,15.8056,1.2871,0.01701,0.849498,"","","","",""
3170000,510.15,15.856,1.2871,0.01701,0.849183,"","","","",""
3180000,510.25,15.9065,1.2871,0.01702,0.848867,"","","","",""
3190000,510.45,15.9569,1.2871,0.01703,0.848552,"","","","",""
3200000,510.65,16.0073,1.287,0.01703,0.848237,"","","","",""
3210000,510.85,16.0578,1.287,0.01704,0.847922,"","","","",""
3220000,510.95,16.1083,1.287,0.01705,0.847608,"","","","",""
3230000,511.15,16.1587,1.287,0.01705,0.847294,"","","","",""
3240000,511.35,16.2092,1.287,0.01706,0.84698,"","","","",""
3250000,511.55,16.259,1.2869,0.01706,0.846667,"","","","",""
3260000,511.65,16.3103,1.2869,0.01707,0.846354,"","","","",""
3270000,511.85,16.3608,1.2869,0.01708,0.846041,"","","","",""
3280000,512.05,16.4114,1.2869,0.01708,0.845728,"","","","",""
3290000,512.25,16.4619,1.2869,0.01709,0.845416,"","","","",""
3300000,512.35,16.5125,1.2869,0.0171,0.845104,"","","","",""
3310000,512.55,16.5631,1.2869,0.0171,0.844793,"","","","",""
3320000,512.75,16.6137,1.2868,0.01711,0.844481,"","","","",""
3330000,512.95,16.6644,1.2868,0.01711,0.84417,"","","","",""
3340000,513.05,16.715,1.2868,0.01712,0.843859,"","","","",""
3350000,513.25,16.7657,1.2868,0.01713,0.843549,"","","","",""
3360000,513.45,16.8164,1.2868,0.01713,0.843239,"","","","",""
3370000,513.55,16.867,1.2868,0.01714,0.842929,"","","","",""
3380000,513.75,16.9177,1.2868,0.01715,0.842619,"","","","",""
3390000,513.95,16.9685,1.2867,0.01715,0.84231,"","","","",""
3400000,514.05,17.0192,1.2867,0.01716,0.842001,"","","","",""
3410000,514.25,17.0699,1.2867,0.01716,0.841692,"","","","",""
3420000,514.45,17.1207,1.2867,0.01717,0.841384,"","","","",""
3430000,514.55,17.1715,1.2867,0.01718,0.841076,"","","","",""
3440000,514.75,17.2223,1.2867,0.01718,0.840768,"","","","",""
3450000,514.95,17.2731,1.2867,0.01719,0.84046,"","","","",""
3460000,515.05,17.3239,1.2867,0.01719,0.840153,"","","","",""
3470000,515.25,17.3748,1.2866,0.0172,0.839846,"","","","",""
3480000,515.45,17.4256,1.2866,0.01721,0.839539,"","","","",""
3490000,515.55,17.4765,1.2866,0.01721,0.839232,"","","","",""
3500000,515.75,17.5274,1.2866,0.01722,0.838926,"","","","",""
3510000,515.95,17.5783,1.2866,0.01722,0.83862,"","","","",""
3520000,516.05,17.6292,1.2866,0.01723,0.838314,"","","","",""
3530000,516.25,17.6801,1.2866,0.01724,0.838009,"","","","",""
3540000,516.45,17.7311,1.2866,0.01724,0.837704,"","","","",""
3550000,516.55,17.782,1.2866,0.01725,0.837399,"","","","",""
3560000,516.75,17.833,1.2866,0.01725,0.837094,"","","","",""
3570000,516.85,17.884,1.2866,0.01726,0.83679,"","","","",""
3580000,517.05,17.935,1.2865,0.01727,0.836486,"","","","",""
3590000,517.25,17.986,1.2865,0.01727,0.836182,"","","","",""
3600000,517.35,18.0371,1.2865,0.01728,0.835878,"","","","",""
3610000,517.55,18.0881,1.2865,0.01728,0.835575,"","","","",""
3620000,517.65,18.1392,1.2865,0.01729,0.835272,"","","","",""
3630000,517.85,18.1903,1.2865,0.0173,0.834969,"","","","",""
3640000,518.05,18.2414,1.2865,0.0173,0.834666,"","","","",""
3650000,518.15,18.2925,1.2865,0.01731,0.834364,"","","","",""
3660000,518.35,18.3436,1.2865,0.01731,0.834062,"","","","",""
3670000,518.45,18.3948,1.2865,0.01732,0.83376,"","","","",""
3680000,518.65,18.446,1.2865,0.01733,0.833458,"","","","",""
3690000,518.85,18.4972,1.2865,0.01733,0.833157,"","","","",""
3700000,518.95,18.5484,1.2865,0.01734,0.832856,"","","","",""
3710000,519.15,18.5996,1.2865,0.01734,0.832555,"","","","",""
3720000,519.25,18.6508,1.2865,0.01735,0.832254,"","","","",""
3730000,519.45,18.7021,1.2865,0.01735,0.831954,"","","","",""
3740000,519.55,18.7533,1.2865,0.01736,0.831654,"","","","",""
3750000,519.75,18.8046,1.2865,0.01737,0.831354,"","","","",""
3760000,519.85,18.8559,1.2865,0.01737,0.831054,"","","","",""
3770000,520.05,18.9072,1.2865,0.01738,0.830755,"","","","",""
3780000,520.25,18.9585,1.2865,0.01738,0.830456,"","","","",""
3790000,520.35,19.0099,1.2865,0.01739,0.830157,"","","","",""
3800000,520.55,19.0613,1.2865,0.01739,0.829858,"","","","",""
3810000,520.65,19.1126,1.2865,0.0174,0.82956,"","","","",""
3820000,520.85,19.164,1.2865,0.01741,0.829261,"","","","",""
3830000,520.95,19.2155,1.2865,0.01741,0.828963,"","","","",""
3840000,521.15,19.2669,1.2865,0.01742,0.828666,"","","","",""
3850000,521.25,19.3183,1.2865,0.01742,0.828368,"","","","",""
3860000,521.45,19.3698,1.2865,0.01743,0.828071,"","","","",""
3870000,521.55,19.4213,1.2865,0.01743,0.827774,"","","","",""
3880000,521.75,19.4728,1.2865,0.01744,0.827477,"","","","",""
3890000,521.85,19.5243,1.2865,0.01745,0.827181,"","","","",""
3900000,522.05,19.5758,1.2865,0.01745,0.826884,"","","","",""
3910000,522.15,19.6274,1.2865,0.01746,0.826588,"","","","",""
3920000,522.35,19.6789,1.2865,0.01746,0.826292,"","","","",""
3930000,522.45,19.7305,1.2865,0.01747,0.825996,"","","","",""
3940000,522.65,19.7821,1.2865,0.01747,0.825701,"","","","",""
3950000,522.75,19.8337,1.2865,0.01748,0.825406,"","","","",""
3960000,522.95,19.8854,1.2865,0.01749,0.825111,"","","","",""
3970000,523.05,19.937,1.2865,0.01749,0.824816,"","","","",""
3980000,523.25,19.9887,1.2865,0.0175,0.824521,"","","","",""
3990000,523.35,20.0404,1.2865,0.0175,0.824227,"","","","",""
4000000,523.55,20.0921,1.2865,0.01751,0.823933,"","","","",""
4010000,523.65,20.1438,1.2865,0.01751,0.823639,"","","","",""
4020000,523.85,20.1995,1.2865,0.01752,0.823345,"","","","",""
4030000,523.95,20.2473,1.2865,0.01752,0.823052,"","","","",""
4040000,524.15,20.299,1.2865,0.01753,0.822758,"","","","",""
4050000,524.25,20.3508,1.2865,0.01754,0.822465,"","","","",""
4060000,524.45,20.4026,1.2865,0.01754,0.822173,"","","","",""
4070000,524.55,20.4545,1.2866,0.01755,0.82188,"","","","",""
4080000,524.75,20.5063,1.2866,0.01755,0.821587,"","","","",""
4090000,524.85,20.5582,1.2866,0.01756,0.821295,"","","","",""
4100000,525.05,20.61,1.2866,0.01756,0.821003,"","","","",""
4110000,525.15,20.6619,1.2866,0.01757,0.82711,"","","","",""
4120000,525.35,20.7138,1.2866,0.01757,0.82042,"","","","",""
4130000,525.45,20.7658,1.2866,0.01758,0.820128,"","","","",""
4140000,525.55,20.8177,1.2866,0.01759,0.819837,"","","","",""
4150000,525.75,20.8697,1.2866,0.01759,0.819546,"","","","",""
4160000,525.85,20.9217,1.2866,0.0176,0.819256,"","","","",""
4170000,526.05,20.9737,1.2866,0.0176,0.819965,"","","","",""
4180000,526.15,21.0257,1.2866,0.01761,0.919675,"","","","",""
4190000,526.35,21.0777,1.2867,0.01761,0.818385,"","","","",""
4200000,526.45,21.1298,1.2867,0.01762,0.818095,"","","","",""
4210000,526.55,21.1819,1.2867,0.01762,0.917805,"","","","",""
4220000,526.75,21.2339,1.2867,0.01763,0.817515,"","","","",""
4230000,526.85,21.2861,1.2867,0.01763,0.817226,"","","","",""
4240000,527.05,21.3382,1.2867,0.01764,0.816937,"","","","",""
4250000,527.15,21.3903,1.2867,0.01764,0.816648,"","","","",""
4260000,527.35,21.4425,1.2868,0.01765,0.816359,"","","","",""
4270000,527.45,21.4947,1.2868,0.01766,0.81607,"","","","",""
4280000,527.55,21.5469,1.2868,0.01766,0.815782,"","","","",""
4290000,527.75,21.5991,1.2868,0.01767,0.815494,"","","","",""
4300000,527.85,21.6513,1.2868,0.01767,0.815206,"","","","",""
4310000,528.05,21.7036,1.2868,0.01768,0.814918,"","","","",""
4320000,528.15,21.7558,1.2868,0.01768,0.814631,"","","","",""
4330000,528.25,21.8081,1.2868,0.01769,0.814343,"","","","",""
4340000,528.45,21.8604,1.2869,0.01769,0.814056,"","","","",""
4350000,528.55,21.9128,1.2869,0.0177,0.813765,"","","","",""
4360000,528.75,21.9651,1.2869,0.0177,0.813482,"","","","",""
4370000,528.85,22.0175,1.2869,0.01771,0.813195,"","","","",""
4380000,528.95,22.0699,1.2869,0.01771,0.812909,"","","","",""
4390000,529.15,22.1223,1.287,0.01772,0.812623,"","","","",""
4400000,529.25,22.1747,1.287,0.01772,0.812337,"","","","",""
4410000,529.35,22.2271,1.287,0.01773,0.812051,"","","","",""
4420000,529.55,22.2796,1.287,0.01774,0.811765,"","","","",""
4430000,529.65,22.3321,1.287,0.01774,0.81148,"","","","",""
4440000,529.85,22.3845,1.2871,0.01775,0.811194,"","","","",""
4450000,529.95,22.4371,1.2871,0.01775,0.810909,"","","","",""
4460000,530.05,22.4896,1.2871,0.01776,0.810624,"","","","",""
4470000,530.25,22.5421,1.2871,0.01776,0.810339,"","","","",""
4480000,530.35,22.5947,1.2871,0.01777,0.810055,"","","","",""
4490000,530.45,22.6473,1.2872,0.01777,0.80977,"","","","",""
4500000,530.65,22.6999,1.2872,0.01778,0.809486,"","","","",""
4510000,530.75,22.7525,1.2872,0.01778,0.809202,"","","","",""
4520000,530.85,22.8052,1.2872,0.01779,0.808918,"","","","",""
4530000,531.05,22.8579,1.2872,0.01779,0.808634,"","","","",""
4540000,531.15,22.9105,1.2873,0.0178,0.808351,"","","","",""
4550000,531.25,22.9632,1.2873,0.0178,0.808067,"","","","",""
4560000,531.45,23.016,1.2873,0.01781,0.807784,"","","","",""
4570000,531.55,23.0687,1.2873,0.01781,0.807501,"","","","",""
4580000,531.75,23.1215,1.2874,0.01782,0.807218,"","","","",""
4590000,531.85,23.1742,1.2874,0.01782,0.806936,"","","","",""
4600000,531.95,23.227,1.2874,0.01783,0.806653,"","","","",""
4610000,532.15,23.2799,1.2874,0.01783,0.806371,"","","","",""
4620000,532.25,23.3327,1.2875,0.01784,0.806089,"","","","",""
4630000,532.35,23.3856,1.2875,0.01784,0.805807,"","","","",""
4640000,532.45,23.4384,1.2875,0.01785,0.805525,"","","","",""
4650000,532.65,23.4913,1.2875,0.01786,0.805243,"","","","",""
4660000,532.75,23.5442,1.2876,0.01786,0.804962,"","","","",""
4670000,532.85,23.5972,1.2876,0.01787,0.80468,"","","","",""
4680000,533.05,23.6501,1.2876,0.01787,0.804399,"","","","",""
4690000,533.15,23.7031,1.2876,0.01788,0.804118,"","","","",""
4700000,533.25,23.7561,1.2877,0.01788,0.803837,"","","","",""
4710000,533.45,23.8096,1.2877,0.01789,0.803557,"","","","",""
4720000,533.55,23.8621,1.2877,0.01789,0.803276,"","","","",""
4730000,533.65,23.9152,1.2878,0.0179,0.802996,"","","","",""
4740000,533.85,23.9683,1.2878,0.0179,0.802716,"","","","",""
4750000,533.95,24.0214,1.2878,0.01791,0.802436,"","","","",""
4760000,534.05,24.0745,1.2878,0.01791,0.802156,"","","","",""
4770000,534.25,24.1276,1.2879,0.01792,0.801876,"","","","",""
4780000,534.35,24.1808,1.2879,0.01792,0.801597,"","","","",""
4790000,534.45,24.2339,1.2879,0.01793,0.801317,"","","","",""
4800000,534.55,24.2871,1.288,0.01793,0.801038,"","","","",""
4810000,534.75,24.3403,1.288,0.01794,0.800759,"","","","",""
4820000,534.85,24.3936,1.288,0.01794,0.80048,"","","","",""
4830000,534.95,24.4468,1.2881,0.01795,0.800202,"","","","",""
4840000,535.15,24.5001,1.2881,0.01795,0.799923,"","","","",""
4850000,535.25,24.554,1.2881,0.01796,0.799645,"","","","",""
4860000,535.35,24.6067,1.2882,0.01796,0.799366,"","","","",""
4870000,535.45,24.66,1.2882,0.01797,0.799088,"","","","",""
4880000,535.65,24.7134,1.2882,0.01797,0.79881,"","","","",""
4890000,535.75,24.7668,1.2883,0.01798,0.798533,"","","","",""
4900000,535.85,24.8202,1.2883,0.01798,0.798255,"","","","",""
4910000,535.95,24.8736,1.2883,0.01799,0.797978,"","","","",""
4920000,536.15,24.927,1.2884,0.01799,0.7977,"","","","",""
4930000,536.25,24.9805,1.2884,0.018,0.797423,"","","","",""
4940000,536.35,25.339,1.2884,0.018,0.797146,"","","","",""
4950000,536.55,25.0874,1.2885,0.01801,0.796869,"","","","",""
4960000,536.65,25.1409,1.2885,0.01801,0.796593,"","","","",""
4970000,536.75,25.1945,1.2885,0.01802,0.796316,"","","","",""
4980000,536.85,25.248,1.2886,0.01802,0.79604,"","","","",""
4990000,537.002,25.3016,1.2886,0.01803,0.795763,"","","","",""
5000000,537.127,25.3552,1.2887,0.01803,0.795487,"","","","",""
